Brand,Before 2000,After 2000
Netflix,5.963875951,94.03612405
Disney Plus,26.26123013,73.73876987
Amazon Prime,17.51152074,82.48847926
Hulu,7.598903251,92.40109675
